,Population,ElectricityDemand
0,1.0,2.3432871135984685
1,1.0452261306532664,1.0917696815263827
2,1.0904522613065326,2.6823667251412107
3,1.135678391959799,4.4519960564815575
4,1.1809045226130652,0.9568351064788083
5,1.2261306532663316,0.9763358073465538
6,1.271356783919598,4.622769154460096
7,1.3165829145728645,3.0192163536100725
8,1.3618090452261307,0.565674747354247
9,1.4070351758793969,2.6102972150820647
10,1.4522613065326633,0.6191761194322878
11,1.4974874371859297,0.6356709789062823
12,1.542713567839196,2.0724625017848295
13,1.5879396984924623,-2.2163226255584556
14,1.6331658291457287,-1.8176014689504691
15,1.678391959798995,0.5299559464108619
16,1.7236180904522613,-0.3485298458609538
17,1.7688442211055277,2.3285371916805806
18,1.814070351758794,-0.09278253359803124
19,1.8592964824120604,-1.0778014598820649
20,1.9045226130653266,4.701965373882464
21,1.949748743718593,1.343303088937915
22,1.9949748743718594,1.9544303664991296
23,2.040201005025126,-1.0052692212053067
24,2.085427135678392,0.7806543983573426
25,2.1306532663316586,2.116801862801693
26,2.1758793969849246,-0.3811447946474864
27,2.221105527638191,2.698477679815073
28,2.2663316582914574,0.7724019826897504
29,2.3115577889447234,1.4172529151712725
30,2.35678391959799,0.8245565385917539
31,2.4020100502512562,5.760228807458106
32,2.4472361809045227,2.0567590912111564
33,2.492462311557789,-0.003203618696469679
34,2.5376884422110555,3.7861615982718195
35,2.582914572864322,-0.27136784308387396
36,2.628140703517588,2.617693861782175
37,2.6733668341708543,-1.6893213712219781
38,2.7185929648241207,-0.3958904943611028
39,2.7638190954773867,2.68508293206097
40,2.809045226130653,3.799594291649783
41,2.8542713567839195,2.697125941936344
42,2.899497487437186,2.1552544800626707
43,2.9447236180904524,1.8169446569401484
44,2.9899497487437188,-0.5048455898508846
45,3.035175879396985,1.0460077398164513
46,3.080402010050251,1.5983739699378687
47,3.1256281407035176,4.668315159886788
48,3.170854271356784,3.2761966587155333
49,3.2160804020100504,-0.9017542597264905
50,3.261306532663317,3.3083430709889465
51,3.306532663316583,1.9263493617716514
52,3.351758793969849,1.3795051111764998
53,3.3969849246231156,3.994040058389742
54,3.442211055276382,4.870534947941103
55,3.4874371859296485,4.709461584225796
56,3.532663316582915,1.2073558260546078
57,3.577889447236181,2.306786889903558
58,3.6231155778894473,3.6276977730521285
59,3.6683417085427137,4.95676628872682
60,3.71356783919598,2.0883859951779487
61,3.7587939698492465,2.7170358244866084
62,3.8040201005025125,0.9178716689672988
63,3.849246231155779,0.780892506523212
64,3.8944723618090453,4.84170570812919
65,3.9396984924623117,5.973074580040176
66,3.984924623115578,3.1611149791560647
67,4.030150753768844,5.357350156836024
68,4.075376884422111,4.119322300663143
69,4.1206030150753765,2.1522018066548787
70,4.165829145728644,4.212257308049301
71,4.211055276381909,6.613206383750759
72,4.256281407035176,3.5137994740069667
73,4.301507537688442,6.7637172077565015
74,4.346733668341709,-1.5554129092773232
75,4.391959798994975,5.378207908843267
76,4.437185929648241,3.959510100570641
77,4.482412060301508,3.2391111809231146
78,4.527638190954773,4.073063725676894
79,4.572864321608041,-0.03246334358739178
80,4.618090452261306,3.5571888262841926
81,4.6633165829145735,4.7653515793551815
82,4.708542713567839,7.062254128343824
83,4.7537688442211055,3.1260211604159984
84,4.798994974874372,2.6024362314327485
85,4.844221105527638,3.273547940103323
86,4.889447236180905,6.16629221316253
87,4.934673366834171,5.0522142635761815
88,4.9798994974874375,3.395224721737791
89,5.025125628140704,5.542133150465919
90,5.07035175879397,4.771437810256489
91,5.115577889447236,6.577099747731004
92,5.160804020100502,3.299084772347281
93,5.206030150753769,4.112113666461022
94,5.251256281407035,4.048346286235956
95,5.296482412060302,1.9715469511029218
96,5.341708542713568,5.557733430890111
97,5.386934673366834,5.555433543552036
98,5.432160804020101,5.112306614731114
99,5.477386934673367,4.702601374130836
100,5.522613065326634,2.411682163657921
101,5.5678391959799,4.472746082075236
102,5.613065326633166,4.701199030555511
103,5.658291457286432,3.855656480597381
104,5.703517587939698,5.212227716387539
105,5.748743718592965,6.418507870133787
106,5.793969849246231,9.459417790243638
107,5.839195979899498,6.113888367893216
108,5.884422110552764,6.35858150245461
109,5.9296482412060305,5.774412589272191
110,5.974874371859297,2.1666761056895996
111,6.020100502512563,6.033210211965555
112,6.06532663316583,6.2898382192966436
113,6.110552763819095,11.180137576046452
114,6.155778894472362,5.954358202494756
115,6.201005025125628,7.028768553163079
116,6.2462311557788945,6.444026961943612
117,6.291457286432161,4.265070114112648
118,6.336683417085427,8.978262940971678
119,6.381909547738694,8.287906537698603
120,6.42713567839196,8.45877639459395
121,6.472361809045227,5.151875546809389
122,6.517587939698493,9.871460254822576
123,6.562814070351759,4.3586914337570395
124,6.608040201005025,8.433948191806136
125,6.653266331658291,11.740322230520235
126,6.698492462311558,5.478870090562742
127,6.743718592964824,6.429252337571581
128,6.788944723618091,7.864447636543033
129,6.834170854271357,6.762901777233925
130,6.8793969849246235,4.774664747573404
131,6.92462311557789,8.120705967641593
132,6.969849246231156,5.968030688837306
133,7.015075376884423,9.150370842161427
134,7.060301507537688,6.476395494021752
135,7.105527638190955,11.528701499770722
136,7.150753768844221,6.977466488402245
137,7.1959798994974875,8.016563276182985
138,7.241206030150754,10.406028316666504
139,7.28643216080402,6.437188939338151
140,7.331658291457287,9.475399325281632
141,7.376884422110553,11.75798742030986
142,7.42211055276382,6.053641154007547
143,7.467336683417086,9.764487301071028
144,7.5125628140703515,10.043326690751059
145,7.557788944723618,11.21730154770059
146,7.603015075376884,7.311626216940089
147,7.648241206030151,7.278287655901802
148,7.693467336683417,11.098583273287051
149,7.738693467336684,10.786019709046046
150,7.78391959798995,10.832262529017708
151,7.8291457286432165,11.165301588358654
152,7.874371859296483,9.25541192272603
153,7.919597989949749,11.22497914728713
154,7.964824120603016,11.493607972037791
155,8.010050251256281,9.62775940674496
156,8.055276381909547,14.939045856455955
157,8.100502512562814,12.308260445189878
158,8.145728643216081,9.133176739620154
159,8.190954773869347,12.986200012036505
160,8.236180904522612,9.88318740402283
161,8.28140703517588,13.568356145104197
162,8.326633165829147,14.47522228766793
163,8.371859296482413,10.682748845802827
164,8.417085427135678,14.419216828615609
165,8.462311557788945,13.488677237985847
166,8.507537688442211,14.480217659404996
167,8.552763819095478,16.80502824543413
168,8.597989949748744,12.698406253327363
169,8.64321608040201,11.861878346353288
170,8.688442211055277,11.772951157077785
171,8.733668341708544,12.105483559252132
172,8.77889447236181,13.770553674131039
173,8.824120603015075,14.797277402153123
174,8.869346733668342,14.861169823280308
175,8.91457286432161,16.15760340242744
176,8.959798994974875,14.727359255449537
177,9.00502512562814,17.80924855241556
178,9.050251256281408,14.576434986777942
179,9.095477386934673,20.752436045025437
180,9.14070351758794,16.772600256017267
181,9.185929648241206,14.018975591862183
182,9.231155778894472,13.806427179861146
183,9.27638190954774,17.13101436953638
184,9.321608040201005,15.939977328405446
185,9.366834170854272,18.038753897200053
186,9.412060301507537,17.78413602641662
187,9.457286432160805,16.922010449766137
188,9.50251256281407,15.607230308179773
189,9.547738693467338,14.507457655880263
190,9.592964824120603,16.883684960328164
191,9.63819095477387,19.732347711483214
192,9.683417085427136,18.69389007195494
193,9.728643216080402,16.02374000359419
194,9.773869346733669,19.114502839493273
195,9.819095477386934,19.79515418391249
196,9.864321608040202,17.516685195079305
197,9.909547738693467,19.855280969951863
198,9.954773869346734,19.931277427799177
199,10.0,17.799596327526423
